pc_1,pc_2,pc_3,pc_4,pc_5,pc_6,pc_7,pc_8,pc_9,pc_10
3.7292034436771417,0.9872146523194976,3.5408549214333322,-2.0642831657175953,2.5124426451813022,1.9365191160741548,0.6979694042995445,0.8718681647739759,0.6420280083553009,-1.8338878000753482
12.079157544316356,-6.698169316293552,10.242397466383078,-5.434203914879598,3.7016104055232133,-1.501518100472343,-4.413310750061308,1.6122582911038121,1.4258550895411508,-1.835477353507002
-0.31167341031881074,0.12831992565426822,-1.0569116421619744,0.07038821960019465,-1.547663307260008,0.33159949888781565,0.032195521969276636,-0.5333502800925679,0.29383584221154924,0.07128518042153835
-0.47468076142530946,-0.9571303690084921,-0.2808270012903273,0.35458497159162883,-1.5900787134905674,-0.3267432919489409,-0.12039179791161482,-0.3282809179112306,-0.09495330824602831,-0.6817468669005755
-3.7668433409371183,2.522880724299179,1.9050359324584243,-0.056396659768347554,2.901107222758021,-1.592187112643894,-1.4284072982894904,0.13413415523082406,-0.7745975515112554,1.2440520888803865
1.282503548860135,-2.3411487075633812,2.4732804356297473,-0.11414600097843099,-2.430228145625913,0.9224642185383617,0.0010924706563686423,0.05905340715433859,-0.23199166409242902,0.7758373789161168
-3.023284976925196,-0.7940061507707445,0.35438375932902205,-0.7438798855428417,0.6614636105106376,0.7371245401976135,-0.08672162930134865,0.06861073432441105,0.5486383880160407,0.1374109062602445
-1.410543387382314,0.09156990725062616,0.44464907716902613,-0.32288387871891805,2.7154108970794733,2.091679505184306,0.5037168149576189,-0.8176048276849274,0.9683955095486497,1.373958761935779
0.5439153469069767,0.36284552989011143,-0.53292627549716,1.8505047842059605,-0.09143290709949449,-0.4675814686360106,1.2356104679493174,-0.4858416003232454,0.7488793484819701,0.15147239777957375
-4.06761887894157,-0.6748673334874944,2.3226534787201314,-1.5406510206842348,-0.24865812258734343,0.5827428175389393,-0.1288309112650266,0.22994805252781655,-1.2992162891800683,0.07028534747005083
-3.580996468864548,1.6153890475054475,2.7948109108957215,-1.3318932158208967,1.1106212488316654,-1.0868906272801484,1.3226965765765628,0.4510330518302743,-1.566652744511993,-0.0624872216540335
-2.066145592102913,1.7422297077206157,-1.2096108458791541,-1.1547401797593757,0.6517984031033145,0.35330123701893373,0.0013720243248770364,0.19114739046742366,-0.0879859224339946,-0.5948520358978335
1.8567832081416287,0.6948160158566697,-1.5619943451540104,1.2721898875228776,1.624404289272494,-0.5070934531188852,0.49523239431416577,-0.3801194378605676,0.02594028056294492,-0.07188589781843426
-0.5830626075687961,-1.0703862000013322,-2.1471779433780496,2.0005010336853126,0.2384763274751206,0.2227996275698279,-0.21133597801791035,0.4940788194438817,0.7581615149164722,-0.17439585080765999
-1.4273755793529181,-1.6852480574626176,0.41197872019014187,0.6389306815151601,-0.221693274121416,-0.46113921789330764,1.3706627271536775,-0.4939573730776193,-0.07051823076348879,-0.7398000232620713
-2.752989599756822,-1.1056703179774854,-0.38790258557138524,-0.6384051083564609,-0.7498288535425206,1.2591763066979471,0.12714566661968218,0.16339789870587856,0.25195647299314444,0.3598858876438818
-4.648830069386731,3.3329116491170714,-0.16214950953817928,-0.9764031717513022,3.1716316886342892,-0.4792392230903055,-1.2036648835015495,-0.6121172331662904,-0.23965715040484842,-0.4096777950385884
5.090838878442122,-3.863366968530969,-0.3528149973505997,-0.10926709242137413,-0.09286100481749086,-1.4146178422416633,0.39653814145658983,1.0838461889976314,0.32617820414011106,-0.2815769150203471
0.3342730579445146,2.09991192130128,0.5632723828553877,-0.14035212112497897,0.413769607719052,0.8688994112327307,0.9799637615844293,-0.5040457141990305,-0.10788091328056953,0.02492783572433332
11.794272079424724,4.856196212697171,1.6491258752642468,0.22233313261155585,3.8018952960632366,5.7965122714644215,0.5761907146951927,0.4288430368584832,-1.8460482457662153,-1.7702668706927904
6.1467736439287,-0.5744645357905471,-0.5256112995306451,1.1381020268708657,0.7148619583427537,0.1741779594079525,-0.5551573988028357,-0.06304191769912976,0.40381049988320206,0.2670062444693887
1.4311523465493778,-1.793318993140691,1.0268507113614378,-0.950785541226373,0.6980597328079777,-0.9460329706996945,0.7402407759888928,1.5217104203405931,0.4619881294286451,0.8354363072471627
-4.758091829787317,-0.6372709372593286,0.17985483936272065,1.1961153678510126,-0.09731606800808866,-0.3914187987532356,-0.871217345072931,-0.4245344464623364,0.3844391515611933,0.14495387977280164
-0.3272419142092624,-0.3107880496301889,-1.1272216260452934,-1.4621077168327952,-0.7585315747590361,-0.39903733856959916,0.914672032113546,-0.18798523239853018,0.16771870843762351,-0.10742916824729999
-1.7570196177376785,-0.9991547703068069,-0.9515358441810093,-1.0874292101351803,0.0670330233609682,1.0332628100634569,0.40692091802114627,-0.9505181348381306,0.6526238739660579,0.8868626742556173
1.8104850535948906,-1.374859229324408,0.08900300453787191,-1.980159446521494,-0.5739731322019085,-0.13176192940225326,-0.024662014664351386,-0.45070462374256764,-0.36987980831368233,-0.13679109967651293
-0.6637347526935499,-3.138688606304615,1.4906899104218803,0.759008785825422,-1.4156645929873986,1.0547991540209272,0.35367308001946113,-1.1528109515137126,0.49876801637902163,0.36525195734861393
-4.310778698318941,-0.5332712434460447,0.43042751894196085,-1.2158135407365984,1.4825164895357867,0.8191384664613436,0.03979718722200232,-0.0038047552958789077,-0.09228667388779017,0.5402089163001084
-2.2023686544215026,-0.9511866809676232,-1.162386149845304,-1.6531673348480447,-1.660991826945459,0.3465516445709343,0.03410128554010465,0.16293724329601678,0.06308890606588885,-0.2503084841179208
5.077751692560363,-1.3825172445735103,-1.871490652774794,-0.026479748031415347,1.725686578596269,-0.8048589884818305,-0.8294976134388233,0.4625649876226253,0.7084424349062567,0.050423723711909715
-2.4586707365262397,0.0707667372886639,-0.5907008083338551,-2.4247640674293027,0.9017919971729359,0.24439753430478087,0.9084865348893628,0.07446352270743614,0.2578781919393771,0.6496636125005189
1.3201883472235392,2.3188348100903378,-0.9636056964328336,0.5738550217989588,-3.737690121669593,-0.28152737328234045,-1.6294003374933244,0.5823315081036685,-0.2847698913452553,-0.6400331962722855
1.7536777696914805,-2.4650204475862196,-2.0758229731725804,0.24876886867548528,0.29333617813449236,-0.23182732533182013,0.46736825375618474,0.4731551948167082,0.5899367172728199,0.45767227059373833
4.656192848804694,-0.598467334963838,-0.6603890022318625,-0.9137120946909225,0.4755265807903805,-0.767161136736449,2.283910400302738,0.9631647327231084,-0.8153016316247159,-0.3160531243552056
-1.0381979588601113,-1.3764303294294273,-0.6143124922269223,-2.1445089792222736,-0.5517870255067232,-0.006934984234334925,0.2264147197925255,-0.16333191762643254,0.42559138840590593,0.013557646823681822
-2.897855169037995,0.3462463259677341,-2.1334203331885853,-2.184585819205567,-0.02944714626425636,-0.4053682006258843,-0.19255462419210365,0.47747419139774105,0.11996659190486984,-0.3092334331055244
1.238377787911333,2.576096290379329,-2.0882418742158664,-0.5463297272433923,0.04560767502038879,0.25044874728999217,0.16602822351702054,-0.11921102673746625,-0.34332694471880576,-0.5920675234178444
0.39376861435859956,-3.191679579925345,-0.006214580234647873,1.612984820768612,-0.2858815095477852,-0.8897270573303958,0.19403021212832627,0.08360553932255044,-0.24505756002304846,0.06508733006558035
-1.4544639691630223,5.683816354855245,1.204083927357957,2.1775555609643926,0.018821404460684844,-0.880683256388793,-0.7211325214984757,2.127461632650282,-0.23134883963263436,1.4753977408876027
-2.846824820414037,-1.8450287115564006,0.38960370843724196,0.2555413477815527,-0.6195310474169196,0.3275312496154129,0.7883786737859608,-0.679885501276657,-0.19365590027008558,-0.0912788787181619
-2.379737974014775,-0.5083875549286028,-1.4824381606276762,-0.5492703446401213,-0.216596543452027,1.0149016854415092,-0.023991261991576283,-0.8337581600107331,0.28758516781019605,-0.5947385552104288
-1.1702175962773727,-0.19453731853543837,-0.6903967020932023,-1.6878881915418915,0.6298669872013806,0.1790325721006874,0.9962675961122371,0.627474240882676,0.06967308309525984,0.3769112765957294
-3.0086435698850247,1.6366345324194926,-0.20528160993776573,-0.37727612588138887,1.7131249395752797,0.37509246753178954,-0.4368907923382546,-0.4176330051569832,-0.1516438532932541,-0.14733599303124226
-2.060226475400154,1.0227868370569493,0.4982808447647699,1.094164464840623,-0.016838572430757568,1.9991336439863636,-0.4093723369809071,-1.0638227756350243,0.5415278428456011,-0.12856634462228053
-2.7602243011102607,0.631602953223243,1.7826591667204987,-1.4518794654254945,-2.0507423957020983,-1.2087837534234898,0.7438649107170406,0.28474083917913906,-0.18249697465751416,-1.2605178271786832
-1.927253606871623,-2.400540428084511,-1.4147350643594954,-2.132591937784288,-1.9825808842745785,-0.8729228962457718,0.1804042832871849,0.4282074110954544,-0.17374637690149092,-0.4286427327697306
-1.6308525113661332,0.9724920266647279,1.3488378362412667,1.5679902785876423,-3.5794556376246396,-0.10232997182359464,-0.3117470274782495,-0.20047743669502738,-1.1442490435179473,-1.3908108216062658
3.1663061173330367,-1.1695432500146485,1.1929408769932057,-0.6128516797304407,1.0839394910113045,1.1026149022595177,0.09265833871784088,-0.0031227105495634155,-0.2147861523465942,0.5545055652654988
0.5537415204404861,-2.869189454555611,0.40145548008340637,-0.6303344659518882,0.18548597390485128,1.754399169237129,-0.0994513107231608,0.08929671524952472,0.3219119876871306,0.8160645760766673
-2.8531685147287313,-0.5962949225347566,-0.4404410201598937,-0.8874018276523842,0.943472000687759,-0.12280264124499655,0.4262014512722863,0.0337668235282669,0.008258313587949645,-0.13065151255254848
-2.4722597705388316,0.4009265499878976,-0.6518560253348834,-1.06703904251825,0.5846581998519407,-0.23165134005096907,0.3658714054032546,-0.3001440795476906,0.6333450896954546,0.18772694560652112
-4.552304364235963,-2.9489075805834184,1.1651816456337032,-0.6868376422979987,-0.5732278200039044,0.5787073114295272,-0.33219930652993557,0.2690037839425957,-0.004714335328361684,0.01688897257782304
-2.2987139974992803,-0.6991768430927867,-1.46295627204058,-2.0100043171931037,-1.171104927198065,-1.117667274350689,-0.4084050733073479,-0.3144594881656624,-0.4067261781930816,-0.9359711989477008
-2.5842502199657638,-2.0031649597398196,0.9020780378290477,0.6390905291704729,0.059721590131615786,0.03567237502150199,0.08392337220280657,-0.5049259292061609,-0.23884030856957483,-0.3976588585150256
1.4736953793861693,-1.731219544953909,-1.775706700662071,-0.75766705731883,-0.16091932362782743,-0.08320785862078481,1.0797982928721672,-0.162607481288603,0.09378767295699843,0.10863244617417099
1.212417655735806,4.931157828017882,-0.8577613649445325,1.1186872632606844,-1.8045120663722165,0.36154659292177854,-1.1906677490154876,-0.09661770600962613,0.4934138796506084,-0.40033070396454434
6.4735452998402625,-1.5697331423066347,0.44140208548071874,1.6699827184027234,-0.7812724703723782,-0.542941094481663,-1.3880746498879215,-0.19108657396657305,-0.9066446555302299,0.3192182951532055
-4.653733064356476,-0.9433784926354482,0.34019654398440263,-0.7017595242412027,-0.6602403470493334,0.1922847224009714,-0.09911708817563011,-0.09862299658250283,-0.10913563941336377,-0.3056015205377493
7.162845789592752,0.3654583235027413,1.8507974210138103,0.07541555182272806,0.7726985147428029,0.41998707987745004,-0.6258433466756727,-0.6358811877927236,0.25858870189630473,0.37874772602964607
-0.99921177859688,-1.9851048413313341,-1.246987924832632,-1.6022482521362795,-0.6368243373913361,0.2511153493255634,0.552781384907111,-0.47689157170752505,-0.020958138091664497,0.10187919355192716
1.2921460156445808,-2.0036905606138005,0.9376212802138119,-0.35472567022085777,-0.28131528659097643,0.5759039951048912,0.3886695779793583,-0.30424018028880284,0.05965305018576964,0.3846080076034837
-1.1647874675883818,0.9568113267836068,-0.814597159957352,-1.0233127694518034,1.628953973586942,0.010747381111921845,-0.27238313511888534,-0.6416059173722156,0.35354049807334786,0.7538112395368036
-0.8205497387179408,1.9882455354550759,0.6323621137214986,-3.279347941049549,2.9384433232502043,-0.08444623974914066,0.7046367199211728,-0.5842277133457825,-0.9334702944602874,1.9222013356949816
5.148620914777053,-1.3838039432010971,0.7525560557497275,1.3518666040572036,0.6533066526575857,2.773177043339782,1.2123953124449622,-0.5720219951448192,-0.38344657736864035,-1.0764560205814253
-3.481119238537402,0.603765777987326,1.9371582841427029,0.12948964473401228,1.2891299035020487,0.27034965669880867,0.4269236146835806,0.47479655287757366,-0.4061831360389699,-0.29262015700222266
-1.629529762756142,0.8416089254165995,-1.0997082919119334,-1.3674496940246028,0.5015961692851537,-0.062037817848439744,0.7080806390955998,-0.38509793414340776,0.6000628207575843,-0.07332016827149129
10.530895511008383,1.99888274927626,-2.2022298831918055,2.630990960535797,0.14789340837464507,0.43804365646857757,-0.6023359285223512,-0.14816651181611715,-0.6044140856558484,-0.1225578423412954
-0.4584897916452775,0.1031868314989194,-1.111659857048496,0.24551577989058343,0.007910046421384261,-0.6933417545479438,1.1867048098314354,-0.5338543150608426,0.729154939857098,-0.1340946947582764
4.188517949295402,0.9764980336900528,-1.062044813455931,0.07954596588170779,0.8903654684606717,-0.9957248911710329,0.15659556952278564,0.06196570530827829,0.6098298199562819,-0.5407614914902911
-3.718193762964635,0.13176956408363905,-0.09357158040777783,-2.041865574423907,1.2117164755055634,0.4658638491965649,0.4228953143648625,0.5361933810547026,-0.07160117543819153,0.20162916479931953
-1.9213854623603017,1.7441282136157517,0.13359026364073384,-1.3434168310986512,-2.417575232665454,0.06744534793481946,-0.5051271097303451,0.23315553134789205,-0.9339323646146978,-0.5134873436274002
-2.778089865597715,2.293915476135431,2.470469666661162,1.9086718745579032,3.537704594767879,-0.25298876668471726,0.25462983481934504,0.31891300861443567,-0.3434850733713941,0.27759201254052873
-4.110299336757043,-1.6152758839759003,1.0456795070202451,-0.12593453514679795,0.3474559781698179,0.8974903573469792,-0.3251279749500452,-0.21941973492189637,-0.390216663594616,-0.06187129512042604
3.652262877781886,-2.1677239274836517,-1.302814762675301,1.00620373509905,-1.316760191923028,-0.01834721316884025,-0.4772705726170229,0.27922674102636735,-1.1428620347077183,0.22191251713441526
6.259470676717168,-1.238190012703733,2.666446526786537,1.06665416349795,0.5506289966469249,1.0570918866991739,0.8611796224256096,0.2323623692548783,-0.7197911708164318,-0.5863820130423956
-3.620631435376971,-1.662468112220909,3.683396669930318,4.512223119902163,1.4038987020575195,0.940788201533851,-0.47613601669647787,-1.113764341081982,-0.30193044276751596,-0.6975049317182037
1.9306826734373048,0.1364447835634076,-2.7571555884377537,0.6692668738063251,0.43836061867147774,0.6318070599181423,-0.677045544626308,0.11792146020720116,-0.18041307288652,-0.30475549614772196
-3.341298831494425,-2.5522633012346656,0.14383358665949936,-1.0650805240266557,-2.0082035578159836,1.0523017545516244,-0.4383156658445359,-0.04303551629429899,0.016618529340219745,0.2593328659254313
2.1120036068901054,2.468386935238292,-1.0289126673249063,0.3055310260268136,1.7615258398560936,-1.1259469348931628,-0.9614022658657185,-0.9470520096670638,0.13806769232119465,0.720558018777911
3.9895480412565516,-1.5598413736695014,1.2590382119360917,-3.006464604502436,-0.1989034182701679,-1.3140362982770353,1.0376522747710561,0.9350470675106608,-0.5333338129588377,0.9715445171355337
2.784025271660295,0.14380172383384232,-1.6632408864070956,-0.07107465646455843,-0.4544512850598195,0.631650872488818,-0.9565670043301766,0.18012575793771213,-0.6969272480049468,-0.5526407083016456
-2.6899878818592584,-0.49900655406158867,1.9537620669690194,0.2793198154346625,0.14087334871738497,-2.199696800438077,0.9291001777739157,-1.333212521759027,0.8809331912350411,-1.2810902047269717
-1.7593015887209515,0.6823743346781214,-2.0696422616995824,0.6279588949228978,0.6682755357630024,-0.17393445343259198,-0.6691072920827557,0.07462800631084664,0.5367356555874935,-0.04682812253438379
1.7633454766781516,2.3918302937379137,-3.301104214766763,0.18589515559343428,1.341036803211934,-0.03323462192156938,-0.16493092381603575,0.1724761156985114,0.5058551702697304,-0.1903057873117106
-2.1783056502772515,-0.48660792206662573,-1.1082862821888528,-0.34708770712637727,0.20191242846302407,0.5141559877094327,-0.13393711607000822,0.6404471030417594,0.2857387143104655,-0.36315259206895106
-3.5575374088031433,-0.7598112681107625,0.6903258286776164,-0.2477415112047584,0.07734290029881785,-0.3157662077776976,0.42960605747246794,1.3934961911679533,-0.048102142554152245,-0.11453288308318858
5.8790420060084045,-0.8582011231869436,-0.7683048177973131,-0.8767871354872915,0.19739963227494298,0.5769875764741516,0.47888195107703385,-0.015696330143920745,-0.2811813715117381,0.34787155226180305
4.367018866425748,5.0677346259222125,-3.0634214422587367,1.6887979484201494,-0.889717193383046,-0.46812667828571397,-0.986749471041135,-0.47780113571767807,-0.8274876779755561,-0.6485364192455627
3.8637464671041477,2.513289883447693,-0.23260636855411398,-0.5884095605816476,-0.8634032255348502,0.9828392652108516,1.2064715681476934,0.5766818331630957,-0.6423134659554818,0.4881326593565055
-4.189113905903722,-0.7352288821703824,0.8068050330937938,3.1587763932792186,-0.14838072400845367,-0.3189262218673802,-0.237949741459816,0.12048336861809662,0.6113069393578192,0.23948637597006828
0.7974381088499853,7.162507891919004,4.1214363337975755,0.4199895845283904,-1.9616808632631217,-0.23440302685633482,-0.18253982016508072,0.19388840410849856,-1.3993964544542141,-0.49426786223973784
4.476760678142176,-0.8201003505858586,1.341391017518371,0.5681401450993129,0.3874710586333175,-0.048704566078820385,0.4356329339057805,-0.07215289179011433,-0.13401620947483361,0.05818063884946422
-4.630496202794601,1.274986232622483,0.09354367359410352,-0.4187921488858145,0.827825008286599,0.8639025874330916,-0.4948748949456194,0.8528108231661661,-0.13851988320526062,-0.07024829510868134
-2.0292858794653914,1.4387132677356735,1.0482272195539635,-2.101750932127702,0.7821329804956639,-1.5912821441617018,1.616397759949423,-0.48574605675569754,-0.15291854936254448,0.5118231906605601
9.839997002930764,-5.245043611252082,-0.6946635853638438,-0.16316770984693904,0.10183988949733827,-1.2367357255681393,1.102196166930404,-0.7615253652309416,-1.2799831795530245,0.018276183758810446
-1.2726607982492226,-1.9802345746306105,0.4327051765623946,1.6690634343460427,-0.49594576548664965,0.7914988372992731,0.3896469582117712,-0.3568810041092526,0.39181299899238997,0.592378338026133
-3.7843724099993836,-1.6675607723156358,-1.0495829553833065,-0.9967167373264506,-0.7636816076642657,0.14295494502501563,-1.0655896655309123,-0.5176938120495931,-0.13485556544103616,0.19362258257931209
1.3858624704834632,6.675048503496421,1.9570039608215923,0.21195835356883663,-0.45408044455005925,1.377335187767341,-0.2264589733014047,-0.7177552594779489,0.37206496418927015,-0.0636135135215289
-1.2687638193267092,1.593878129734757,-1.4580612181975847,-0.11808621893364804,0.23394827104233795,-0.3208356632213886,-0.0030104537826273737,-0.4655771449385455,0.8713921389045071,1.0211037598393289
2.265904044162423,-2.7807169967920156,-0.5701679238702123,0.5222503124166376,0.3184841300588643,-0.4500582052716825,0.14372098847363693,0.6178725927563161,0.1911054520139544,-0.011726907515632377
-2.3013416742492967,0.6231564107625579,-1.0329428818892066,0.9053384331203158,0.5347831744117492,-1.3738034238177916,-0.3578661646224077,1.7314719790073139,0.06356040500638017,-0.46307036378641075
-0.1872243500050309,1.551912609596664,-2.2810924704094013,-0.572222663382003,-0.039099384554357165,-0.6138784305597447,-0.44627294227651493,0.02797842917722019,-0.23378413898934108,-0.9423107592515765
9.1473524605905,-0.26136088753304143,-0.0508901251082064,0.8832801780869791,-0.20967341710137488,-0.25087819562613917,2.511245299408843,0.5332436006179141,-0.411621670144183,0.953773013357826
-2.1501922922974015,-1.099914699745119,2.9337777474704967,2.7181109755210504,0.8171393562966209,0.16034179545042176,-0.042106289158133005,-0.9069587217934895,0.8149951470574329,0.4016914691579986
-4.436980812727416,-0.9999659690011409,-0.3334217480065757,0.5278435520670989,-0.32435338453518964,0.06641227706439518,-0.6216470826120661,-0.6379515734421992,0.36674009090382687,0.05203745940203362
-2.9120153803532522,0.19934004552705792,-0.874199564797204,0.060968930909923606,1.0308211466991417,-0.15915400007168484,0.21770533064531117,-0.8337260015039712,0.592529808752033,-0.610926900016909
-3.2063816253840245,-1.3353725097320115,0.3747242570508461,0.7699451377406547,-1.0991760702448847,0.5543774455384078,0.23754281954389636,0.5848460096097815,-0.1671536233278943,-0.5904876864568929
3.9901605927171526,-1.7972265718186067,-1.8945850896330676,-0.3902922639616673,0.2801794122307875,0.17455735135153214,1.1279998100113515,0.11737471817041745,-0.25191595955122176,0.013791813267884553
-3.661685964057759,0.794553697889781,0.3540735067818759,0.14611714712396898,0.9286444705964465,-1.6303697626816092,0.6886262264159461,-0.17231673035173015,0.0385049914370661,-0.5723596403534954
-2.1265288398215936,-1.8471712134078817,-0.3789725552511238,-1.1597180993472878,-0.6477843025663163,-0.24694802289090517,0.22760786307422531,0.12809358244200228,-0.29107941432583584,0.1509819138958658
1.3371592315993215,0.9129006248928073,-1.707709489447107,0.992147012557632,-0.34822565329745786,0.621484337424325,-0.19423613939007156,0.6930783838839937,0.2534356114602249,-0.40070732522766345
-2.245160547798024,-0.956032263007867,0.689285320481922,2.7332403041905136,-0.5645581901971911,-0.5572084364538682,0.2948146247100263,1.2861258959444275,0.13991637603305895,0.41908385812610394
-1.9876359295044899,-0.3553845898360752,-0.6422143441385011,-0.17091441110690042,0.04448781622701663,-0.04706236297863088,-0.004037864119897535,-0.4088525891276912,0.19386042967494999,-0.24254109862072423
7.778191507839075,-2.654106917087558,1.408972899316905,-0.6213496146822355,-1.117497346863045,-0.646066824434139,-1.355447181912019,0.010859204624207338,-0.2142133230210437,-0.5714941128948491
-2.798321077565017,-1.2313368229540125,0.9681415100159624,0.9199035414352602,-0.23861312607161098,0.5266687415497017,-0.6202402737028235,0.3907694992472131,-0.5203955114840653,0.3509540990062779
3.753769274479893,-2.184679525296938,-1.8141766190655093,0.7038818749561105,-0.687367859296437,1.5447359631999413,-0.2125250988330612,0.6599563995510472,0.13250486437605385,0.2551573469183232
-3.30070684280588,-1.2048625968167685,0.20940004165588905,-1.0571823414896044,-0.8716351707701264,0.6299795589095134,0.057736862481351514,0.323532617253836,-0.1350970339641677,0.015547029306432118
-4.39421370016245,2.0943854929752694,1.5011893984039648,1.9776773338656157,1.8806184823728702,0.34029121857423633,-2.3965585514147745,1.005331926731517,-0.8272379005825796,0.7440492521632093
1.7805483583293742,-2.0060104167401875,-1.0046854396912395,-0.35742515722080875,-0.9912708643842603,-0.5250037935454439,0.6697638695195838,0.6452890247763658,-0.6963098944755701,-0.45755658290149653
-2.3776269200841087,3.978735067223013,3.669864656118268,-1.7311988653820485,-1.2548008240693431,-2.276827506092965,0.9521593440318468,2.244180228799804,-1.2787887645458287,0.19800825769945737
-2.9714860112080923,-1.6472054088842933,0.9593336612768393,2.6796489322977313,0.2824153093453153,-0.4854616418427205,0.44133482152571435,1.1388868226727822,-0.07048229734765457,0.44311310093620243
-1.9501633446640942,0.7680027193869009,0.02862055907913844,0.48969649280897265,1.4138507400602915,0.4310230087531004,0.0767808055642011,0.5722390779525828,-0.3009227057281763,0.84032159728994
-4.031312609738413,-1.6467297218035313,-0.241647220788264,2.367313184646065,-1.200721906011553,1.4781502728657232,-1.026069852434546,0.19055052661227437,0.6420031052917431,1.052529428716737
1.4477548191195826,1.4573995605895969,0.48870771669076807,-1.8141752329113316,0.44410553167879147,-0.36556305374933484,1.3543719816995883,-0.8860409487926746,-0.7591733631106705,0.5390176823233154
1.6803500319263442,1.5735989268179167,-1.9379284773194907,1.409939512916921,1.5152587841545755,-1.0712631338247571,-0.15961317945096362,0.5994281734350938,0.477154672936755,-0.22040198831923588
-1.9728982616930408,2.5472860191564273,-1.0830935327545756,-0.052208750863625614,-1.1231298202741113,0.6995783890965575,-1.0829049169848581,0.07646089958282148,0.6909271775027569,0.22092843045195107
-2.687280991067536,-2.629239547550879,-0.7856926780919912,0.00240417706876414,-2.1456770253576836,0.6112313627107165,-0.935543647252182,-0.059647034054116414,-0.010163079614664594,0.4140704117246822
-4.935622990179036,-3.661487800347812,0.6978590498831712,1.2134909864999435,-1.6105502798660067,0.6904313509499647,-0.43180156539493014,0.03694839452459144,0.034379256959624314,-0.06572965288297708
-2.1785621297215085,1.8073088689092327,-0.6340199301825354,0.40892048981545387,0.8263813733799569,-0.7861977208237055,0.3621955348103871,0.41839940844645856,0.5795775090262154,0.5142047249826328
3.5209413146824966,-2.117103009668433,-1.2593997027117003,-0.590145165404036,-0.582709076591036,-1.2923725964432122,0.1704022515959506,-0.49773981038023346,-0.31339759035070297,0.4637900709443107
6.313513091223299,1.2726441142602023,-0.1821560887533222,-2.4192565741626018,0.08193674048377367,0.5787836471575286,-1.6502252174882457,-0.04485100806027899,-0.8800234362398257,0.23583982347674742
-3.3445783481917375,0.3967117530488993,-0.8616951442147286,-0.9290030946087189,0.7981349139087692,-0.7205993556848043,-0.21188217181571223,0.9111356636110899,-0.3911533170587771,0.13266786467183686
-1.4393703857671156,0.5845595796991915,1.3204949119973775,3.6572267135836243,1.3592192243672143,0.04706417489346465,0.6515684253324168,0.8210359321026016,0.4042657782609099,-0.2060997578892002
3.2645285994525177,3.3914387828776658,-3.400070343613599,0.8520338601838232,1.8050896107237664,0.9284079503415965,-0.1719782502503553,-0.5889992657367527,0.41541970671639517,-0.20614472575771706
-2.6836943324020064,-2.188678191697924,0.014959301372839576,-1.8429166246239927,-0.7963724262389843,-0.000496616169451058,0.7936621574084003,0.31838483047007643,-0.19101338147732927,0.6062596013989757
-3.7526901004272313,-1.6949400276324718,0.6143383524455596,4.371348078554138,0.27982521029244317,1.1536027282955759,-0.8958142440382733,-0.22862676590674613,0.733191165325498,0.75703346270411
1.7737155215160405,6.7750112117071515,0.9419598385274968,0.23733047985344435,-3.788352532757344,-0.08409232707945086,0.32124156385166464,-0.3008736128141808,0.9988385684008939,1.3448042070880115
-2.4542865253016166,-0.8526568439037684,2.059665067303381,-0.18286582389720157,0.4622488232611337,-1.0933714933312026,0.15252153614961406,-1.621957467739744,1.2266006437164867,-0.6035200123307454
-0.6988519633683521,7.6294098368922745,3.7016321984726543,-1.980288567958141,-1.6467789370952297,-1.5502210514936803,-2.117750824285859,-0.013743652375794117,-2.8039756151779267,2.3857536543276514
-0.6694941328195743,1.6571996861057146,1.428411841992619,0.18322694431777528,1.859850015390839,0.9841067099447985,0.05577209845528068,0.03277328780850689,0.0449661285191511,-0.34357940692520034
2.758082077821631,3.6148032803499017,-2.69714735358947,1.1494047527474809,0.22834079455324102,-0.6454880044904167,-0.5297371213199337,0.12907900821625065,0.26353386348804886,-0.08175634862753267
-1.7485449083153721,0.9540735461431858,-0.12899339021393386,-1.092490618899807,1.7685359001605683,-0.5709815684908119,0.42869197835027323,-0.02351396219187334,0.2731383729573514,-0.03993799657207482
-2.212139760242805,1.2212163809154142,-0.9403567769742098,-0.7439472558341017,-0.027670547703232226,0.057581923301098646,-0.14065325006055948,-0.5409214767038514,0.6712838430170242,-0.6007258883296942
5.000521463255629,3.3895273753833766,-2.023468878253607,0.7423206112113876,-2.4949703629135582,-0.6074698728851662,0.3451370290454268,0.35435238954568354,-0.01050497803108821,-0.0713073989678288
7.4314008952991655,-3.2836861363933267,-0.24507461056049146,-1.236389590943409,-0.5096177951671302,-0.9303173858412473,-0.5248373362269492,-0.7397679383088851,-0.05710565643998397,-0.04375440656350654
-1.2143058121845742,1.8554265564250476,1.8562024261747778,1.4323793423339675,-3.6936362238167195,-0.05339204885625551,-0.7527481306563334,0.3075770745571625,-1.0447226802804073,-0.7588211762175168
4.181856864702178,-2.8824752963380473,1.5579247864104342,-0.2566519622669525,0.15477060596485304,1.9543492982270416,0.6960498435087022,-0.7536547010967973,0.02215238055401412,0.4444454195867274
3.7224699921102187,1.060770919506432,-3.6342266447733946,4.845900485020967,0.8701749694340711,-1.1077747584837534,-0.4476733599205648,0.3674054586894833,0.45040865080043035,0.4143122332246472
-0.704087973091946,3.96521296582957,1.787511761587479,-1.051060124940604,-3.229660380348622,-1.1041652232859893,-0.5840947644547511,0.05491586621085049,-0.21807372287017088,1.4720132118646576
-3.406765598078992,2.6505522387117355,-1.819048896668834,-1.4107753830333605,0.7423987186950517,-1.078094091225624,-0.8198541864618167,0.30072211718411057,0.14450328985030156,-0.5133162322102802
1.5211444566296235,-0.9692842039666064,-1.376260933746978,-0.5853930859552374,0.7527638654336778,-0.7284235768623248,0.5900035587363112,0.14109308121623823,0.6784299566808185,0.3955819512593863
-3.711926487733741,-1.9773310001035072,1.3998624659024592,-0.33218192965175514,0.28149216400660254,0.7490173487211703,-0.5675807888676123,0.030133242480749643,-0.19840702691158418,0.8185289980473401
-0.18922902871885244,1.100027811645791,-0.6741278309452101,-0.5658131935595286,1.0441629986587677,-1.2938909053114647,-0.29391193464879867,-1.6990492311774166,-0.03860473087171377,-0.8416990835249915
3.2972331137962314,-0.8950171798869657,2.4229223518408185,0.03833609878427163,-0.5076780086890045,1.4527815757244482,-0.0358770001581032,-0.4382053723011463,-0.18578424634878762,0.7616029507940049
0.26350973237194003,1.7255954218996992,2.638459113972855,-1.8297205002574932,1.153698644673809,-1.4454956206783798,2.449555262959032,-1.9496567939897234,0.8706420551914811,0.3164278957880004
-2.7334960475018195,1.24349361903797,0.9365407901709618,-0.004548369810725891,1.3288115072002178,1.266397453603336,-0.28075809540300406,-0.6736545528394119,0.4573074173510692,0.7357714045382561
-2.7856945584981436,0.3566280774963648,-1.3422496319000194,-1.8389581727597248,-0.18485290973256496,-0.4545112814942793,-0.4758727078825323,0.26559561463622255,-0.02160231608071009,-0.4207252273544751
-0.5417979365633875,-2.7087794545259394,-2.044755403286576,0.27951519202758685,-0.8865081111987102,3.2979506543343264,-0.8885817108690924,0.5424380677902735,-0.3793000034132431,0.18042009096820064
-4.986022522087189,0.35921559266784914,-0.8118670610678587,-2.2496407686503397,0.8417491998432675,1.1464651600583124,-1.2935056014484865,-0.15673660771269873,-0.0019616379007804502,0.2609818636503662
-3.2205335352690945,0.0435154212200447,-0.6549656415959199,-0.6945614224499436,-0.37228248651046103,1.6039853437263376,-0.3911913933021268,-0.34242863937372886,0.27813103760464103,0.45812374198875944
-1.9760489505158152,1.9450141205803786,-2.0938223998435377,-0.9459233454089997,-1.1135373166835756,-0.6134908958614151,-1.3414692362034446,-0.6635303002857144,0.22264900725362816,0.01765222098897644
1.054379252972824,-2.696201018311162,0.5285849533881188,-0.04314917523954469,1.5338843294181468,5.581543817838186,0.39947918676894456,0.7408729100725464,-0.565318455039622,-0.7746666607659641
0.575735386517509,-3.6067192524608513,-2.218661989760699,-0.41679747921206717,-1.1572452233243944,0.34151936366815894,0.3922543156080225,0.25080988489524053,-0.13246331300314632,0.07813938035859344
-1.4804390554782498,0.05200935640239255,-0.26133588205717156,0.4255897675267302,0.7815003733921321,-0.42711492895534375,0.09776921081908156,-0.2442069691133426,0.44783118742803996,0.792941604199957
-3.9438375658260414,0.9415762348168046,1.9794093975453881,0.3521343315834007,1.936043850378302,-0.5539732377044985,0.5360651891898196,0.07693215009843261,-0.8859054630606754,0.29081703036508766
-0.2712367192060315,0.21931318189726917,-2.066300223814819,-1.0962189015307198,-0.7059223212648201,-1.164923963259726,-0.5829466801040303,-0.6088686187818244,-0.25710631120303623,-0.44237721332487645
2.9495575226210513,1.4870378234844288,-2.366083935152598,-2.5585037926287004,0.3888614678090951,-0.5241648701618036,0.4898195843298529,-0.7703439293071169,0.3744583543821494,-0.647773202488716
8.074749464598419,2.9243117684852553,5.476997640807858,1.4286004707528124,-1.081165503003716,2.5525043245895986,-0.07969241295228097,-3.9167648853500574,-0.1587593856211342,-0.7665992949834832
-1.5643090366106096,0.3651484915578429,0.652592124799741,0.3057316469436126,0.9027489624406659,-1.0825113101718367,0.43015505389910924,-1.0958695611486478,0.5154431275420226,-1.0508416078754157
-2.3739605663306644,-0.38477668139175675,-0.2962739817128824,0.17190820706804671,0.31909992378150404,0.12307187001553273,0.33479390734136455,-0.46517814776787836,0.19080119211004568,-0.13096015194586097
-2.0439463621113405,0.32917893761828926,-0.13507780247085124,-1.1796188555561076,-2.150048519886365,0.6312321638044778,-0.4983609194966448,-0.14426179576925627,0.18109547716450192,-0.4829968319396094
2.269183522807237,2.0174012203796887,-2.4524039271778606,0.47066729652946326,0.7078958389156577,-0.02749204975330063,-0.5026317897356382,-0.4459601215170194,0.7280538003065002,-0.1451620506387009
5.045632064695606,-2.6406150668320634,0.7902292453537872,-0.40655137900848753,0.2625525672871132,0.21692248385590507,-0.5884142443763677,0.1173224459551505,0.16718145898143077,0.961396555738939
4.619037444415797,0.4416729414498584,-0.9632656965483961,0.8053531558206808,1.7997828728837715,0.0747489591935261,0.7156340648720148,0.2946572688859081,0.5262623706345739,0.5507934883258941
-3.432227698476697,-2.7880122579185405,0.05770197883945618,0.05638862700743931,-0.8738696886596204,0.07696486755335746,0.029929522843869214,-0.36604902662792355,0.5098007104492926,-0.015719690529124336
-0.26862303187360864,-0.5589262920192744,-1.452835829805866,-1.2953178143063375,-1.9455228062636647,0.7618478178981947,-0.24459431189083908,-0.17204848238172704,-0.08807619114667338,0.42780926050848106
-3.1414383547498006,-2.268456645363796,-0.09157655768781232,-1.3651692857395297,-1.4581314446442435,-0.2973424063119729,0.3113679135610003,-0.36656273592473165,0.05178947549019323,0.4969326110825374
3.3422530671429915,-1.6997529762144208,-1.8129160972583052,2.36740464386636,-0.665588355660877,-0.7820165693574942,0.3913775857183091,0.49548551266351204,0.39368150160300486,-0.19888741864120413
-2.98563328899192,0.04627051695752685,1.2645360723786718,0.6569515971580726,1.1357044854761353,2.366290196148758,0.37609110666017503,-0.4786019798145857,0.007545201470002454,-0.2555292079149318
5.836849683725643,1.6740132526940399,1.6329527918315252,0.509055989748048,-2.71571637167731,-1.6925042613043937,-1.5195843006324956,-0.9215087610652155,-0.7140775263045487,-0.03641275595419448
-1.4127702349255837,0.13511001376893314,1.5430046938702868,-0.8179192849027581,-2.8771517284139607,-0.281819105091979,1.0674281643950152,0.26019381352898113,0.310388044213838,-0.7308963445024307
1.9239695368627625,-0.10224669759283207,-1.8645298416386529,-1.092918992961617,-1.1276124658146485,-0.30536423471343693,0.39705370274624546,0.2698875851123852,-0.2706129207182615,-0.26892067210666565
-1.9550836993898604,2.404259068376111,1.9308490424987725,-0.37277949702670693,3.7734521629214175,1.1308123456816186,-0.972801892679952,-0.24977914326361814,0.24130150116160318,1.5699299220006426
-2.182442543006151,-2.5438126741065106,-0.734068670878294,-0.2143982251072683,-1.3444905130006515,-0.3418178242722198,0.39322875748480607,-0.07831507066091477,0.1496749268556663,-0.6694970502339693
3.671120102313635,2.2264136054812,-4.144864841928913,1.4830707993993675,0.03568902703029404,0.7862152318470881,-0.8012009656170024,-0.6696811439469845,-0.062194069992880276,-0.088372639366622
-3.9240389683969465,-0.4053428976420588,-1.349216819778708,-2.5568522794530266,-0.4739007327737851,1.7877269628445966,-0.6776514202845079,-0.25108461000787435,-0.04719348573770477,-0.008710895294382782
-2.1199724138134672,0.3293963731851472,-1.0381149972822026,-0.24638647523297605,0.8587623410892644,1.1457038063275768,0.009193018718269465,-0.18041252931952032,0.5375767286391455,0.3561548139433913
3.4476433054315665,-2.6246866439920145,2.946402732406035,-3.028081973185082,-0.5001052179643752,0.5122731323396609,0.8266886020147393,0.9749339332293258,-0.4421169735621428,0.1327173072796
-3.2909201352902,-0.14624548268458631,0.596855157773916,0.4187593920427437,1.828793032546923,1.1102593370885714,0.9550390117653311,0.12483137097623177,-0.2289374387298359,-0.933019258457113
-3.1100284905719024,-1.7489572446893262,-0.3595439483301215,-0.4246370843531748,-1.6649101080805604,-0.5445619035952426,-0.25700937452061473,-0.2143915327737668,-0.329003478529794,-0.526595493762344
-1.792689073303168,0.4307202934994252,-1.2479658801285658,-1.3383712356732713,0.2646682421139341,-1.817123982230911,0.5073753424170058,-0.6904935395212094,0.16916612368312875,-0.6894799020905487
1.6890865175559555,2.8068726070639785,-1.0341370289554872,3.1244363664405386,0.9983458169940932,-1.1170986655174748,-0.8016637366296858,0.5301271713359282,-0.00818494184750111,-0.13377831236983134
-2.463952259081276,-1.3656896521782154,0.4152672162095646,1.0899284817782287,-0.09556566097235031,0.5499465555259176,0.09175653639337608,-0.3512954062775366,0.21246333510235146,0.32108030558280704
1.3138379630298693,1.0958466103760844,-0.26672413088196617,-2.01626825921053,0.023233725819643634,0.9653819143985927,0.11057503692227788,-0.8916617013847025,0.12104980161424483,0.2651432562460678
7.912984118301404,-0.6031580671960377,-2.3795437933441046,-0.08556542249062346,0.22524860629831875,0.4131205592567191,0.21773943817117228,-0.3202038665796072,-0.6661418203650822,0.054445610412638165
3.3704870035939014,-2.1542432578023765,-1.0740943116573678,4.183410903589118,-0.27154843254728395,-0.8072338506670184,-0.07139668291102315,0.3969954127330744,0.25523463226219884,0.9566157084286789
-3.9647475451573415,0.6793684126505232,1.0877413549683985,-0.9569947487373031,2.443948747401831,-0.4586426703237702,-0.6649702624625556,1.744650328255978,-0.9564727089057888,0.31450012337487115
2.5395978514469477,-2.368873945546226,0.7885153533804556,0.6498739644862399,0.7335033259801393,-1.7288515420475792,2.3365933604290343,1.6606449554061269,-0.37681463393733144,0.8263189398477887
-1.8146147922613027,1.305299435838797,-1.135938843900728,-1.6919008870062255,1.0120745429560647,0.9028314037374696,-0.4542594707291464,-0.3235933809838945,-0.773838202024602,-0.3858512590175032
-1.2590876351099611,-1.7395040708894067,-1.4935503489659199,-1.4983048268442305,-2.074704876665889,0.310582128186839,-0.39511690332552146,-0.18403783915513944,0.05143334180132909,0.11410466941150982
-1.934986620831599,-1.2855429988547613,0.5621692431069815,0.9678208544706419,0.08075171074028063,0.1596274782487531,0.14056660483157674,-0.04721145392630247,0.06465401234203888,-0.03158516574048665
-3.213103419506801,-1.5862317656854463,-0.5142909806675865,-1.9396534939815664,-0.14482532771942636,0.6683244551144739,0.08654002824868484,-0.4291958806357525,-0.33610037185125324,-0.4808994329686244
-3.201064287382903,-3.26703658371845,0.24950100061848374,-1.004751815278787,-0.7605393125579746,0.5385950627755531,0.13964490926619436,-0.012779115578568527,0.08244993558422596,0.40802104374916603
-0.7577662422223685,-1.160590136065083,1.4119531103185707,3.6577925797070443,-1.5522789659221936,-1.6605412374618096,0.37442791823830984,-0.37263282446348767,0.08148793268499999,-0.59530635810987
3.214673034109337,1.6993382931539822,-2.8604476349704404,-0.4555871951375397,1.4939669404849893,-0.5987908618112981,0.033934151914014034,-0.0611364079457955,0.21742623882264933,0.06277062660921885
3.1999034783329128,4.3239031899101805,-2.9624757440040934,-1.0936937671127396,0.9630575523641597,-2.136251458418291,-0.1887827785365603,-0.6503531922389579,0.5235847311196616,-0.9293173354681304
2.8766160849746383,-3.8003819567960155,-0.0012237629398842253,-0.4758557040101492,-0.477270327941453,-0.7801056224893032,0.7176959271807448,0.2837788178276534,-0.5484557479866382,0.386289489647451
-0.2408122194813742,2.4245108700596565,2.0816762709730066,0.3398735766187459,-0.0808730622015168,-1.3439854329335679,1.2332155322735032,0.13744001105117323,-0.6569016579560812,0.46796424869413605
3.536729976581915,-3.366505332075352,-1.7739360277603997,1.9823687126006644,0.3743674868313935,-0.5311983603801967,0.6402795613724455,0.42517552324148594,-0.2598392940872537,0.6190951009513831
5.219759140217672,-1.7233614658581777,-0.7949144176038409,0.09633732646776759,-0.3108084511976166,-1.7011675177890269,0.7850376170048038,-0.3579677499660231,-0.1958687052327065,0.40696889107264944
-3.3019378906685266,0.4986037922213751,0.6042209907231237,-0.1773874751115791,0.8549504495036839,-1.0179325722818928,-0.8941896742195362,-0.1124056723798932,0.879769862617207,-0.995282140077386
-4.726264648468416,-1.0244566138156568,1.7808183674406675,0.5494028419537793,0.5876306177427483,0.930565006447744,-0.92035937408027,0.8308657438106111,-0.9273950429369959,0.08630936967214926
0.21758218339802635,3.561860150253062,-0.048634046895663335,1.7127855602667597,2.59079858343857,-1.959947209225277,0.48748143820419404,-0.629743990170855,-0.4342918019977816,1.1801488758336898
16.251360395637388,-6.779112978054231,6.065517199050879,-2.51841892674392,1.2655080802215732,-1.9825814535848414,-4.411103257689638,1.0618811203559548,3.1369350504664943,0.2819229318582395
-3.054402555261211,-2.206251167475141,-0.9228862956974682,-0.6024922257172765,-1.8772078317067629,1.104940779644068,-0.8194257078742189,-0.24362790838038156,-0.045384325278760414,0.7722533261891933
-2.6277747419860646,2.5759316388706957,1.758819037800581,-0.693406975510116,1.6874721794672667,-0.8177600741999859,-0.1062719511898452,1.1756299028656696,-1.1182262307977242,-0.7021614321376004
-3.080725684919398,-2.412341540168635,-0.07535353144726477,2.6387530539184447,-0.831864251116244,-0.06920067179172071,-0.43170207876418176,0.47211640673980193,-0.0972414841065112,0.016326870576410243
-3.606338889154963,-0.7514059745844648,-0.8666150615436999,-1.6695954322446573,-0.29600326340368427,-0.4534894500758647,-0.03429935286392721,-0.2097652620728356,0.07111502661057038,-0.18488464897324425
-3.230583085888838,0.7716622185142384,1.7042474828804333,0.447440997298505,3.6577340765889432,1.5332037241717935,0.6032934277181615,0.9224084661493838,-1.1985143747627358,-0.3694122926179492
-3.068416621701853,-1.594608842079039,-1.1572510873949318,-0.6654775392720409,-1.0477123012952343,0.2198831068382043,-0.3196620718976583,0.18127198308367196,0.05445222080875988,0.2833634195699155
-2.786003099457572,-2.8993131295051358,0.6349088276587888,-0.8990049266354677,-1.738005900092624,-0.6514919283426296,0.21775378775480178,-0.2240418451222312,0.5054706239313225,-0.3887299936471059
-1.940663141618058,-1.7575545102398016,1.052064569833796,3.7082966428145423,0.040564087466257635,-1.3257312966681458,0.019670546095176492,-0.46689823099665717,0.1054071285787466,-0.4635431178975952
-0.9429086133802307,-2.389009212651336,1.5430390821911477,2.660860937863858,0.9514011384579999,1.9084078874866806,0.2228452727564879,0.9344159754321465,0.14011332114534067,0.20776968991839118
-1.1013701005959704,-0.4802462721565458,-0.4964227827069133,-2.2040198607530965,0.4151468469639911,-0.3918518435537631,0.7581869656006267,-0.5263842028922011,-0.36556834070580635,-0.44346892814487016
-3.37047222425444,-0.29559967488987615,0.6240628730190253,1.0133927663374542,1.534440795619553,0.4234335198513523,0.06081684210381643,-0.17512709799911763,0.015796168800135957,-0.893933189663852
0.6216546051261309,0.6859704256437255,-0.2697628732285426,1.1018214946493134,0.029755295486688604,-0.8660322561136374,0.6053629826504521,-0.44809364715919164,-0.07569315342704427,0.24810145257313182
-3.0740249750442263,-0.6397886342732338,1.3729645498022576,2.0565746093784965,0.2315682183049177,2.569537489938799,-0.3102845133527378,-0.02739380204378899,-0.22355272348968497,0.04920419650373962
1.3870894429365268,2.189716751959777,-1.968748388399512,0.11981498471026324,-0.03690158147324237,0.673044400239327,-0.18759120904900856,-0.5020797287118499,-0.04294205608682724,-0.07080882855398622
-0.4473406601862657,-1.4503672576834454,-0.019112041807894393,1.740206587879792,-0.0571480501509103,-0.6597204777627109,0.0921767451382412,0.3032938935634613,0.8190625136279251,-0.21865442985889363
-1.8477734302350242,-1.7408173290339053,1.3347454959712797,0.5507874316380268,-1.0149165097532258,1.5755263942534108,-0.21275167861192007,0.037955814745367245,0.2649059815055061,0.17445473527488375
-0.5560311680525221,-0.2276688600745548,1.1249528940371427,1.866041608625868,-0.24485442020059578,-1.0414400053034507,0.29720554058825466,-0.3930133553021073,-0.46989289739417056,-0.16574314908030702
-3.824605319762667,-1.0997568711840355,0.5902114950271256,0.7621144907563702,0.2661302410031116,-0.21794816028272607,0.16437336374653766,0.2613765238847248,-0.3399923285179249,-0.1386134258250827
-1.6887283933099193,-0.2149995901995516,-0.06927220118142141,0.08744099999009282,-0.5021295184550904,-1.0581815866875302,-0.3445861696424592,-0.4899235497725146,-0.25733662937406004,0.11478645186615308
-2.2066232148357487,-0.6253708658812139,-0.4255895862920012,-0.28775449728124924,0.6605180393556408,1.1067407324020215,-0.8969339014647187,-0.05965506523676658,-0.08685427119597966,0.2219675090092909
5.719707313616979,-3.9912161122025376,-0.6579460411279713,-0.25402490295771446,-1.0683594794401707,0.801786074860162,-0.1522813952280759,0.380088325386971,-1.1148767207693058,0.40813174390267276
3.951168487083918,9.549769441480601,0.8965778127738054,-0.29765798632691104,-3.3205625083709753,2.8233746699161135,2.0845772887563503,3.5931181858336534,3.341186682944267,-1.631857481917692
2.0556511937832913,-2.2837530125366845,-1.7456620194462826,-0.8164038182900375,-0.4738647519111895,-0.5172051682091868,0.5122654954681557,0.15427696523540801,-0.0496281363558491,0.43495312792858487
-0.9932563476725725,2.5158633585991708,0.31625562539821245,-0.23158589867309662,0.32397243645580925,-0.8619467256638559,0.17130361391241508,-0.11501960663533362,-0.6330776241833137,0.06044093345883837
-2.3876719768840906,-1.9024552515209538,0.5389345788867094,2.7980106408582643,-0.2311950625016091,0.05659794152200586,0.45639073007375297,-0.3454685014857077,0.37516336148126955,0.06335358399856666
-1.0844347531318002,-1.5886233097545013,-0.7701192671775051,-1.928680638966107,-0.6021658610614397,-0.8196871499376113,1.3381886258450393,0.41753475751752306,-0.23583994017109983,0.8597869740209434
-3.9305189776573144,0.3409308334263095,1.0116587541949191,0.3713719875452364,-0.02639623381037949,-0.03720664870586519,-0.3414907952097362,0.260584582164019,0.3443332375991238,-0.3648419324991216
6.31521412093977,13.098922031549106,6.394638062104148,-0.9155370202496027,-5.3467539428992,1.4909837961804648,2.4370549248611355,0.3224024823884517,4.296246856936136,1.4138138383206085
2.3827052404031646,2.399767891366742,1.2269513037969915,1.2369563841682507,2.5113449608825005,-1.344959934995381,1.0078228979905408,0.9271045241824885,-0.08275555795758106,-0.5450191418968279
2.915802966771688,-0.44740821389419094,-2.0772301355915848,0.47960953647321913,0.777196999676118,2.3341671436893714,0.10834117072791094,1.4841781720328184,-0.18285063222938533,-0.8156895308472244
0.21598975003388515,-0.511021735971499,-0.4973312738391451,1.3675895138054464,-1.1185730752033916,1.1542990756882023,-0.3842784564780075,-0.46495521741188334,0.02690001839545852,0.26585350606893937
-1.8004342447612482,-3.2507916084078325,-0.9594291875143478,0.8179134041198981,-1.3937189616602108,0.09358035480081545,-0.022573473605277988,-0.15085590438627255,0.2869448986316957,-0.011537066511079944
1.069604317552367,0.9634473037711124,-2.427968883240494,0.3268244184419419,0.6576906682300369,0.3340615812899405,-0.8305000394329795,-0.21362140867808935,0.1898857139427873,-0.18198194724916422
-0.5073265126300246,1.1974911728820659,-0.97858758906939,-0.5110503955276063,-0.499299154135802,1.3684471878838569,-0.7145107197121507,0.5960081805091629,-0.38068430964408323,-0.651293643144337
-2.0680399658227238,-2.093254805283881,-1.136433265936236,0.9003968962665795,-0.8291982362665745,0.8639554660009211,-0.2781493913098011,-0.02997535292408699,0.6439685908492043,0.3151221529118265
-0.7142081636930426,-2.138608747648786,0.3865604308124215,-0.24881223831330754,0.08168552332621404,-0.9423301280400719,1.1101836698122571,0.010419946155389808,-0.5301333913584971,-0.27282097591543814
-2.553089464432388,-2.644059882992163,0.3085520791688375,1.8065268325393768,-1.3370720489821644,0.3428696330311366,-0.24903865793155922,0.5576280726023506,0.11890684678070998,1.0651013417607214
-0.8919985511850496,2.259476616432035,-1.7524396206289867,-1.5605900569994946,1.8008065501175923,-0.056119048955983825,0.40579310920709566,-0.810811585445735,0.45812663477476717,-0.3655421415269077
-3.105466636732357,-0.8151041241427378,-0.8112771786496622,-0.9126771868966751,-0.4125436284553594,-0.2777586349026275,-0.7017098301521835,-0.11678459576902842,0.09937889742584462,-0.06082462209819104
-2.253891306673034,1.558882422865365,1.8793243309041001,2.942039639124481,0.19631069839824347,-1.4893234994556335,1.158071435147579,0.9314899497570762,0.16224855360490933,0.25312970122959794
-1.1633540326443452,-3.2319947327783956,4.4125799200891445,0.24990161250226017,0.2578513337816825,-1.821885847162022,-0.5825108238684716,-1.2081630294403904,2.1959599458440016,0.2796217113803783
-0.3970694675875374,2.3458367785269596,-0.029841658431016112,0.3586591912146063,-1.7342097026028895,-1.3047856060933098,0.2287904730313562,0.7843203000717157,0.17967407031224888,-0.9310486221775274
2.185412348624169,4.58478596220111,1.5118742649191728,-0.9104575379013796,-2.1945052914871783,1.6430081338291678,-0.06614730531956386,-0.11467945544559228,0.1487043303016072,-0.17066613088299673
3.4089206168534805,-3.819155644147841,-0.1003062737174669,1.9064339726474728,-1.2414679278958962,-1.2695055404347337,0.26043631900662256,0.37600095670380485,-0.35592455308243176,-0.10242373995211268
2.817226430534202,4.42244476309403,5.706157857665388,-0.5858247495920781,-3.665534800974146,0.7843263929272328,-0.6525514619936833,-1.195144309460975,-1.881201694075489,0.39271949730355826
-0.9024814884012916,3.1635125242408417,1.400944004975161,0.264663433550368,-0.41397870089996797,-0.36096083726175615,0.5000870075142649,0.05192552206750756,-0.08008287311933127,-0.5474106578647889
-2.837011537598111,-0.45769730498968997,-0.2993949217727752,-0.9970922234801491,0.17586875690668355,-0.5371999804406762,0.700192992860196,0.41069547262741274,0.3660997918091079,-0.5384953223911352
-4.3949267173595015,-1.9517959049813542,-0.7832864456397132,-0.9923205716012902,-0.9266468211400534,0.9639730770975955,-0.26706670475317057,-0.15126820245055475,0.13477734947879294,-0.32623801210753856
-2.102756046084186,0.279945162934542,-0.516357726891525,0.33938087396240924,0.23809110298337077,-1.3558405234134845,-0.5138211384092799,0.39817358164164385,0.07511879364216398,0.44317997775310153
6.378965611648946,-1.7853256688481407,-1.7658733663479593,-0.9072516213362276,0.2128577820881307,0.2276527960071576,0.16312208586105306,-0.34855273183140506,0.483232933754633,-0.2717788117391948
-3.4410107091707007,-0.631409591648833,-0.10634114002708249,-0.737132042606886,-0.02448148553935799,0.7646131545240812,-0.3256668011788099,0.4165007834208682,0.09278454710513202,0.8303578405366566
-0.3275996602269909,-0.8384445428378321,-1.1448696762881545,0.00501941520771732,-0.38098336321497517,0.20486888768182698,0.06128269768512082,-0.3014582616600594,-0.14192790942907302,0.4336319107090977
7.511405327556563,-0.02623876862673599,-3.179070276651495,0.2601790549819712,2.3314837852417996,2.9940305264439773,0.21792821046976066,-0.22690715339468878,-0.37260673737423655,0.48237753478279904
-2.1698509508052304,-1.3798492083035105,-0.8785833724463953,-0.5603906532814267,-0.3001005068158023,-0.19269740035513433,0.42752330098937386,-0.9806306839104239,0.813191387328012,-0.027325148027639256
1.1556828929555814,-2.120150052822193,-1.7410817724363477,-1.0880008595736443,-1.343057856726444,-0.06246996902794592,0.3930070599879547,0.0013594589560927842,-0.24079617988164356,0.11251178715326866
6.422571073797851,2.3741918549872816,-3.443540200412344,0.06203217526578762,0.28331144394958657,-1.3262279235212897,0.13884973254463737,0.29018535613043317,-0.3125060717033869,-0.20322893763175348
5.248352298911627,4.224415737248656,-1.1854447502699783,-1.347022249496881,1.5164192415005462,-1.1601616316602072,0.16078709345916992,-1.0094363606509096,-0.16714113255282984,0.9603800585028773
-0.9634144140553538,0.8535731017574778,-0.06873746864008587,1.3043467533361857,-0.05214237522992173,0.29788212420837407,-0.1925589095949081,-0.1400233185972763,0.1266684602449929,0.3347986697003301
5.934288053813764,0.29067688435420186,1.5398660071928707,-0.9249359345645924,1.2847614878663405,-1.040819370966406,-2.2538290342969343,-0.10412939468457401,1.3731452785390423,-0.00681473464303818
3.312423796156616,-1.4497777786320203,1.2972058742029637,0.6514719200429079,0.9953796749031062,-1.20630076342604,0.9445507645076244,-0.6416627088290239,1.1640212903141411,-0.7729052881404576
-2.0982392461673154,0.07112031742431132,-1.5288659661787534,-1.2356460781848166,0.20752012967938313,-0.6861280358037197,-0.15121024756442603,0.15234024211419103,0.5673075834514589,-0.4683322399219039
-4.0694757357382985,1.1060597823615066,1.7467457769496182,0.8205384770741372,1.0173230028380418,-2.3770753699912333,-0.5240316614065068,-0.2652676857126661,-0.5906814243141518,-0.5838386163713666
-1.3398240822256766,2.575390747561583,-0.18749052281973372,-0.7838957177179826,-0.3057957336685458,0.3493544843853307,-0.5810366918886871,-0.07063975452248782,0.35271280886193435,-0.16822551701064278
-4.257247157816576,0.023999652750348693,-0.3078296897639596,-0.7025194180041764,0.7504085314641855,0.03179174634486763,-0.3373751400058229,-0.157320437806296,0.5645550923427506,0.6948669088179129
4.110644632500952,3.0293310332586256,-3.3659828466354584,2.607294349883949,0.5402257022268567,0.596504008055725,-1.5104786926647413,0.21260439237613132,0.29160440601299364,0.1191279442486085
3.0465963731158108,-1.6556113259307712,2.558665740106385,-0.2563598071182935,0.26618038204724564,-0.9824764250881617,0.8956148818777367,0.7185251362229168,-0.16504185587312284,0.05472321182621226
5.356384166434823,-2.186997996497989,-0.5506510343098242,-0.8284972493961976,0.052792701234297953,0.49012437215404847,0.5756395457359544,-0.8475403114753314,-0.00604841790244027,0.5726585350324906
-4.201417378995084,2.3324705794082887,-1.263506854421583,-2.094493246135208,1.6146824069142596,-0.5515123029008624,-0.5731781073366112,1.2857665262605122,-0.04602215963765392,-0.3397624921953437
-2.9634856041367708,-0.21800017816626,-0.7408324219439912,-0.16180090958289434,-0.22574170137828067,0.4471286834219755,-0.13633301502173917,1.0936675147097463,-0.1614039724335155,-0.5889346180778209
-0.4362016642549541,2.2134759984802264,-1.0405741747271129,-0.3963473044657056,-0.716396495882328,-0.5976289004159105,-0.83342381049433,-0.14048321561141053,-0.3104199958306233,-0.16854711144356005
4.890920208515318,-2.829587727017111,2.666121112607506,-0.462365231109953,-0.2967526635578058,0.9683487750862951,1.5102525271390397,0.8332385147804857,-0.17207455210667533,-0.381979770365002
-2.8892613664166222,-0.04146741451891049,-0.8806483025658856,-1.9037140387932512,-0.547243285352904,-0.2996015734834559,-0.6082678924081768,-0.05809234367796745,-0.46200833741884123,-0.23774323848024884
-0.9239358294526274,-1.7416063413159109,-0.3257412386723896,0.37423331069605864,0.24385053443771676,-0.43507261179036444,0.018522407362414735,0.6349895380072099,0.7658342111681194,-0.3496174374558886
-2.3245301631237165,-0.13292456046078688,0.7577019798283686,3.1780027852795287,-0.5143516930890394,-0.5032387861267735,-0.052583252366124794,0.30947455323965467,0.0571453701784464,0.2206620137251408
-3.5735459778661713,-1.4629817677927817,1.189585076573211,0.35861374542825325,0.04317651483234407,0.261030775342529,-0.3099542152480997,0.11159701603041289,0.21582730753731663,-0.6526876466617838
0.1217119039406941,-3.448480011350376,0.3437996702668976,-0.7324680833414723,-0.4644723639291573,-0.12161187170505451,1.7767321154573847,1.0089704722233546,-0.5178998408658252,0.37779263397505636
3.7515695146073393,-0.7528226214874487,0.4446942512647627,-1.400413789847892,-0.23806565549936076,-1.3268895949654667,-0.3924785623227712,-0.15781828556633196,-0.2639381237545151,0.4130796990657753
-3.3118271495299694,1.2488078015659165,-0.11114834340301505,-0.40565298500526553,0.317298427381996,-1.4703613649741103,-0.7019077481489943,0.14687620570706936,-0.6101743212803828,-1.0171224939667565
-0.16064059771918365,7.225142803045153,-0.2467804731999527,2.006762993067465,-0.03918845051118744,-0.37808437165402614,-1.8657444796097127,0.5997831769309416,-0.3853944410612226,0.644006564681545
-1.5142487626605372,3.594246096449575,1.7086918118284544,0.13474234081255862,0.9132647807242739,-1.0300716496401023,0.1728323234377688,-0.7879968817038859,-0.460682847096824,0.5498548049888196
0.8711504104613189,-1.6709618376811033,-1.5442268072580598,0.9366989972217413,-0.15192936867173393,0.024635355543296534,-0.0452294981481212,0.26389959650187333,-0.0782376882537269,-0.5932036738525815
-2.3281877312732946,0.6625226258777016,-0.3875575861427383,-0.5154813692037076,1.643172019998845,0.4459203967672861,0.7652213739069957,0.5272740087808224,0.2835901848993968,0.14043591076018555
4.997251771896875,0.8971873258523534,2.712163395196186,1.8428526523619966,0.5548715797134831,-1.525813415740262,1.0790662122058914,-2.50229838360247,-2.0655959676444473,-0.9908189867099193
-3.6498721337852316,1.6130574941621634,2.8873125469513377,0.7418334019935107,0.8827438344385532,0.7411815705452739,0.43433059934874824,0.525578813492542,-0.3506837085152374,-0.5576216480866052
2.00565881277585,0.4294489415578973,0.84570943124347,1.349931870840121,0.9077220170998953,-1.6470296626274976,0.3337445379662847,1.288793360344469,0.2601286710390446,-0.22068120892547424
1.3867115227876614,-1.1888813286461293,0.5242483733299367,-0.6296760874991362,0.41804683303181484,-0.24367311393510005,-0.39459663712190657,-0.30319650213200533,0.27419551709226075,0.08144630524769206
-0.8074916826031362,1.7962021147538487,-0.6591067871699513,0.5589533034064087,1.3391031862982488,-1.4073657640225092,0.6580443082594702,-0.10942451497495553,0.6039369517097514,-0.3313421398228684
-4.98130550744439,-2.4606309120310454,3.8172105320356846,4.819700275960627,0.1130086394341374,-1.40718206536204,0.3748908485582918,-0.9158488120159,-0.3304731087425484,-1.7438556460160073
0.3496263256809058,1.039632073925837,2.247622757785449,0.42242206883523997,-1.747737133856408,1.4750772458622257,-0.40079156937190175,-0.8125166325309521,-1.1241438716643422,-0.570064428861727
2.0405371031422135,-3.4839774968676473,1.2074691944021587,-0.5235018036083924,-1.0089848936598884,1.2915263243256028,0.08533904241309499,-0.17855620490230248,0.3738976098206043,0.5381265176647068
-4.617788623133417,-1.9730081584857568,0.2710215005575191,-0.3570025446679659,-1.075571178048374,-0.3980944049571504,-0.6766283487935683,-0.24603432784719612,-0.07733117863537442,-0.31044294695834557
1.0301147814093712,2.6555697835354506,-1.7955214124458931,-1.2726073581413742,-3.8659427732598406,-0.6982861293121773,-0.852600397746413,0.7773088288194858,-0.07607871802809138,-0.7468012541165905
2.3176961878605074,-0.28451381107740076,-1.1931156774483027,0.26042308009606024,1.192868471234378,-0.72357471231775,0.9141199498555502,-0.2942777885034797,0.4641754438861558,0.16694240855413045
10.927325667994564,-1.647262694346405,-0.09715619081941007,0.5232036779648593,-1.0706029923809723,-2.8022980744866746,0.3031804809024682,-0.5293931786746429,-1.5415507196715372,0.435881426854178
-2.6127032344699717,3.2784528207745884,-1.7373927236011588,-1.1974377173853878,1.0161068526199422,-1.4953506423974265,-0.4451758361380354,0.44770188970318364,0.4624544553414406,-0.7010166353593275
-3.8931700747748974,0.4132891168821527,-0.8542413300071612,-1.10306189828317,0.925541307516321,-0.5696359231594242,-0.4037638459926023,-0.7089109456701854,0.24351684968733614,0.20653276430497775
5.159286523137986,-0.9615237303206109,-2.6868605851392884,1.1778996237412083,-0.8718240328181265,-0.03214557906439804,-1.5009047093553416,0.8026605507427373,-0.8496295087757673,-0.03733503367955717
4.910647869507981,3.437769496851026,-1.8448461108284215,-1.7984592907841839,0.22246954515969583,3.396785281689446,0.32598959963629537,0.03728034073755589,-0.5007460369229911,-0.2152491335262275
-2.8374704905420267,-0.42926237345483126,-0.4921611945884303,0.10958256114481431,0.5158371970350524,0.6113381812228493,0.35893073755949,0.5350551516523998,0.18079490118394775,0.4667916674393053
-0.28777779372453666,-1.0340039186272303,-2.572665772696653,0.6671749213304871,-0.9598328332082745,0.01984173264969317,-0.9270122076412939,-0.004745385132166107,-0.02833295697596835,0.0397339137737216
4.503324286593356,1.5709781174869633,-2.462865706184033,0.4015321628622608,1.6641016047304538,-0.6288368154434426,-0.5294701536008178,-0.4373071406704429,0.005460252295378807,0.09821156165037075
-3.600950637341717,0.6814811464582483,-1.1794293610982314,-2.1613050312612065,0.5116248380421607,0.3066681756987401,-0.3476435290322402,-0.36605433758545364,0.18335331759145695,-0.18193242082425268
-2.6119453827602688,0.12580339349867165,1.069341709772846,-0.6975175433591946,0.5689600001990532,0.027328846981621188,0.41274814784086694,-1.6733106655178684,0.5560787594211518,0.10141572174091054
1.2368901531877594,-1.8094533858693547,0.6059562946231217,1.834542677193105,-1.9310540170445576,-0.8471673578999708,0.15235863815754536,0.44785045039301713,0.0764961147825408,0.46611233258830875
4.530297392358937,-2.085870413972934,0.4822504174813145,0.7471522609078276,-0.014380344238501578,1.7839717148537741,-0.262197554937405,0.06337251367281181,-0.5325166455890805,0.4603189825180746
